cardNumber|status|activatedAt|lastUsedAt|transferredToCard
2990000000019|ACTIVE|2026-01-05T09:00:00|2026-08-06T18:00:00|
2990000000026|ACTIVE|2026-02-10T10:00:00|2026-07-10T18:30:00|
2990000000033|ACTIVE|2026-03-01T11:00:00|2026-08-06T12:00:00|
2990000000040|PENDING_ACTIVATION||2026-07-29T09:00:00|
2990000000057|ACTIVE|2026-04-01T09:00:00|2026-07-22T17:00:00|
2990000000064|RESILIATED|2026-02-01T09:00:00|2026-05-10T12:00:00|2990000000071
2990000000071|ACTIVE|2026-07-01T09:00:00||
2990000000088|ACTIVE|2026-05-01T09:00:00|2026-08-07T10:00:00|
2990000000095|RESILIATED||2026-04-05T10:00:00|
